CREATE DATABASE QLKhachSan6;
GO

USE QLKhachSan6;
GO

CREATE TABLE Phong (
    soPhong VARCHAR(10) PRIMARY KEY,
    loaiPhong NVARCHAR(10) CHECK (loaiPhong IN (N'ĐƠN', N'ĐÔI', N'VIP')),
    donGiaTheoNgay FLOAT NOT NULL,
    trangThai NVARCHAR(20) CHECK (trangThai IN (N'TRỐNG', N'ĐÃ ĐẶT', N'ĐANG SỬ DỤNG', N'ĐANG DỌN DẸP')));

CREATE TABLE KhachHang (
    id VARCHAR(10) PRIMARY KEY,
    hoTen NVARCHAR(100),
    cccd VARCHAR(20) UNIQUE,
    sdt VARCHAR(15),
    queQuan NVARCHAR(200));

CREATE TABLE DatPhong (
    maDatPhong VARCHAR(10) PRIMARY KEY,
    soPhong VARCHAR(10),
    idKhachHang VARCHAR(10),
    ngayBatDau DATE,
    ngayKetThuc DATE,
    trangThaiThanhToan BIT,
    FOREIGN KEY (soPhong) REFERENCES Phong(soPhong),
    FOREIGN KEY (idKhachHang) REFERENCES KhachHang(id));

INSERT INTO Phong (soPhong, loaiPhong, donGiaTheoNgay, trangThai) VALUES
('P101', N'ĐƠN', 500000, N'TRỐNG'),
('P102', N'ĐƠN', 500000, N'ĐÃ ĐẶT'),
('P103', N'ĐƠN', 500000, N'ĐANG SỬ DỤNG'),
('P104', N'ĐƠN', 500000, N'ĐANG DỌN DẸP'),
('P105', N'ĐƠN', 550000, N'TRỐNG'),
('P201', N'ĐÔI', 800000, N'TRỐNG'),
('P202', N'ĐÔI', 800000, N'ĐÃ ĐẶT'),
('P203', N'ĐÔI', 800000, N'ĐANG SỬ DỤNG'),
('P204', N'ĐÔI', 800000, N'ĐANG DỌN DẸP'),
('P205', N'ĐÔI', 850000, N'TRỐNG'),
('P301', N'VIP', 1500000, N'TRỐNG'),
('P302', N'VIP', 1500000, N'ĐÃ ĐẶT'),
('P303', N'VIP', 1500000, N'ĐANG SỬ DỤNG'),
('P304', N'VIP', 1500000, N'ĐANG DỌN DẸP'),
('P305', N'VIP', 1800000, N'TRỐNG'),
('P106', N'ĐƠN', 520000, N'TRỐNG'),
('P107', N'ĐƠN', 520000, N'ĐÃ ĐẶT'),
('P108', N'ĐƠN', 520000, N'ĐANG SỬ DỤNG'),
('P109', N'ĐƠN', 520000, N'ĐANG DỌN DẸP'),
('P110', N'ĐƠN', 530000, N'TRỐNG'),
('P206', N'ĐÔI', 820000, N'TRỐNG'),
('P207', N'ĐÔI', 820000, N'ĐANG SỬ DỤNG'),
('P209', N'ĐÔI', 820000, N'ĐANG DỌN DẸP'),
('P210', N'ĐÔI', 830000, N'TRỐNG'),
('P306', N'VIP', 1600000, N'TRỐNG'),
('P307', N'VIP', 1600000, N'ĐÃ ĐẶT'),
('P308', N'VIP', 1600000, N'ĐANG SỬ DỤNG'),
('P309', N'VIP', 1600000, N'ĐANG DỌN DẸP'),
('P310', N'VIP', 1700000, N'TRỐNG'),
('P401', N'ĐƠN', 600000, N'TRỐNG'),
('P402', N'ĐƠN', 600000, N'ĐÃ ĐẶT'),
('P403', N'ĐƠN', 600000, N'ĐANG SỬ DỤNG'),
('P404', N'ĐƠN', 600000, N'ĐANG DỌN DẸP'),
('P405', N'ĐƠN', 620000, N'TRỐNG'),
('P501', N'ĐÔI', 900000, N'TRỐNG'),
('P502', N'ĐÔI', 900000, N'ĐÃ ĐẶT'),
('P503', N'ĐÔI', 900000, N'ĐANG SỬ DỤNG'),
('P504', N'ĐÔI', 900000, N'ĐANG DỌN DẸP'),
('P505', N'ĐÔI', 950000, N'TRỐNG'),
('P601', N'VIP', 2000000, N'TRỐNG'),
('P602', N'VIP', 2000000, N'ĐÃ ĐẶT'),
('P603', N'VIP', 2000000, N'ĐANG SỬ DỤNG'),
('P604', N'VIP', 2000000, N'ĐANG DỌN DẸP'),
('P605', N'VIP', 2200000, N'TRỐNG'),
('P111', N'ĐƠN', 540000, N'TRỐNG'),
('P112', N'ĐƠN', 540000, N'ĐÃ ĐẶT'),
('P113', N'ĐƠN', 540000, N'ĐANG SỬ DỤNG'),
('P114', N'ĐƠN', 540000, N'ĐANG DỌN DẸP'),
('P115', N'ĐƠN', 550000, N'TRỐNG'),
('P211', N'ĐÔI', 840000, N'TRỐNG'),
('P212', N'ĐÔI', 840000, N'ĐÃ ĐẶT'),
('P213', N'ĐÔI', 840000, N'ĐANG SỬ DỤNG'),
('P214', N'ĐÔI', 840000, N'ĐANG DỌN DẸP'),
('P215', N'ĐÔI', 850000, N'TRỐNG'),
('P311', N'VIP', 1700000, N'TRỐNG'),
('P312', N'VIP', 1700000, N'ĐÃ ĐẶT'),
('P313', N'VIP', 1700000, N'ĐANG SỬ DỤNG'),
('P314', N'VIP', 1700000, N'ĐANG DỌN DẸP'),
('P315', N'VIP', 1800000, N'TRỐNG'),
('P406', N'ĐƠN', 620000, N'TRỐNG'),
('P407', N'ĐƠN', 620000, N'ĐÃ ĐẶT'),
('P408', N'ĐƠN', 620000, N'ĐANG SỬ DỤNG'),
('P409', N'ĐƠN', 620000, N'ĐANG DỌN DẸP'),
('P410', N'ĐƠN', 630000, N'TRỐNG'),
('P506', N'ĐÔI', 950000, N'TRỐNG'),
('P507', N'ĐÔI', 950000, N'ĐÃ ĐẶT'),
('P508', N'ĐÔI', 950000, N'ĐANG SỬ DỤNG'),
('P509', N'ĐÔI', 950000, N'ĐANG DỌN DẸP'),
('P510', N'ĐÔI', 980000, N'TRỐNG'),
('P606', N'VIP', 2200000, N'TRỐNG'),
('P607', N'VIP', 2200000, N'ĐÃ ĐẶT'),
('P608', N'VIP', 2200000, N'ĐANG SỬ DỤNG'),
('P609', N'VIP', 2200000, N'ĐANG DỌN DẸP'),
('P610', N'VIP', 2400000, N'TRỐNG'),
('P116', N'ĐƠN', 560000, N'TRỐNG'),
('P117', N'ĐƠN', 560000, N'ĐÃ ĐẶT'),
('P118', N'ĐƠN', 560000, N'ĐANG SỬ DỤNG'),
('P119', N'ĐƠN', 560000, N'ĐANG DỌN DẸP'),
('P120', N'ĐƠN', 580000, N'TRỐNG'),
('P216', N'ĐÔI', 860000, N'TRỐNG'),
('P217', N'ĐÔI', 860000, N'ĐÃ ĐẶT'),
('P218', N'ĐÔI', 860000, N'ĐANG SỬ DỤNG'),
('P219', N'ĐÔI', 860000, N'ĐANG DỌN DẸP'),
('P220', N'ĐÔI', 880000, N'TRỐNG'),
('P316', N'VIP', 1800000, N'TRỐNG'),
('P317', N'VIP', 1800000, N'ĐÃ ĐẶT'),
('P318', N'VIP', 1800000, N'ĐANG SỬ DỤNG'),
('P319', N'VIP', 1800000, N'ĐANG DỌN DẸP'),
('P320', N'VIP', 2000000, N'TRỐNG'),
('P411', N'ĐƠN', 630000, N'TRỐNG'),
('P412', N'ĐƠN', 630000, N'ĐÃ ĐẶT'),
('P413', N'ĐƠN', 630000, N'ĐANG SỬ DỤNG'),
('P414', N'ĐƠN', 630000, N'ĐANG DỌN DẸP'),
('P415', N'ĐƠN', 650000, N'TRỐNG'),
('P511', N'ĐÔI', 980000, N'TRỐNG'),
('P512', N'ĐÔI', 980000, N'ĐÃ ĐẶT'),
('P513', N'ĐÔI', 980000, N'ĐANG SỬ DỤNG'),
('P514', N'ĐÔI', 980000, N'ĐANG DỌN DẸP'),
('P515', N'ĐÔI', 1000000, N'TRỐNG'),
('P611', N'VIP', 2400000, N'TRỐNG'),
('P612', N'VIP', 2400000, N'ĐÃ ĐẶT'),
('P613', N'VIP', 2400000, N'ĐANG SỬ DỤNG'),
('P614', N'VIP', 2400000, N'ĐANG DỌN DẸP'),
('P615', N'VIP', 2500000, N'TRỐNG');

INSERT INTO KhachHang (id, hoTen, cccd, sdt, queQuan) VALUES
('KH001', N'Nguyễn Văn An', '001123456789', '0912345678', N'Hà Nội'),
('KH002', N'Trần Thị Bình', '001123456788', '0912345679', N'Hồ Chí Minh'),
('KH003', N'Lê Văn Cường', '001123456787', '0912345680', N'Đà Nẵng'),
('KH004', N'Phạm Thị Dung', '001123456786', '0912345681', N'Hải Phòng'),
('KH005', N'Hoàng Văn Đạt', '001123456785', '0912345682', N'Cần Thơ'),
('KH006', N'Vũ Thị Em', '001123456784', '0912345683', N'Nha Trang'),
('KH007', N'Đặng Văn Phúc', '001123456783', '0912345684', N'Vũng Tàu'),
('KH008', N'Bùi Thị Giang', '001123456782', '0912345685', N'Quảng Ninh'),
('KH009', N'Mai Văn Hải', '001123456781', '0912345686', N'Thái Nguyên'),
('KH010', N'Lý Thị Hoa', '001123456780', '0912345687', N'Bắc Giang'),
('KH011', N'Ngô Văn Khánh', '002123456789', '0912345688', N'Bắc Ninh'),
('KH012', N'Đỗ Thị Lan', '002123456788', '0912345689', N'Hải Dương'),
('KH013', N'Trương Văn Minh', '002123456787', '0912345690', N'Hưng Yên'),
('KH014', N'Lâm Thị Nga', '002123456786', '0912345691', N'Nam Định'),
('KH015', N'Vương Văn Oanh', '002123456785', '0912345692', N'Thái Bình'),
('KH016', N'Chu Thị Phương', '002123456784', '0912345693', N'Thanh Hóa'),
('KH017', N'Lưu Văn Quân', '002123456783', '0912345694', N'Nghệ An'),
('KH018', N'Dương Thị Rơ', '002123456782', '0912345695', N'Hà Tĩnh'),
('KH019', N'Đinh Văn Sơn', '002123456781', '0912345696', N'Quảng Bình'),
('KH020', N'Nguyễn Thị Tuyết', '002123456780', '0912345697', N'Quảng Trị'),
('KH021', N'Trần Văn Uy', '003123456789', '0912345698', N'Thừa Thiên Huế'),
('KH022', N'Lê Thị Vân', '003123456788', '0912345699', N'Đà Lạt'),
('KH023', N'Phạm Văn Xuyên', '003123456787', '0912345700', N'Buôn Ma Thuột'),
('KH024', N'Hoàng Thị Yến', '003123456786', '0912345701', N'Pleiku'),
('KH025', N'Vũ Văn Zũ', '003123456785', '0912345702', N'Kon Tum'),
('KH026', N'Đặng Thị Anh', '003123456784', '0912345703', N'Gia Lai'),
('KH027', N'Bùi Văn Bình', '003123456783', '0912345704', N'Đắk Lắk'),
('KH028', N'Mai Thị Chi', '003123456782', '0912345705', N'Đắk Nông'),
('KH029', N'Lý Văn Dũng', '003123456781', '0912345706', N'Lâm Đồng'),
('KH030', N'Ngô Thị Eo', '003123456780', '0912345707', N'Bình Phước'),
('KH031', N'Đỗ Văn Phong', '004123456789', '0912345708', N'Tây Ninh'),
('KH032', N'Trương Thị Giao', '004123456788', '0912345709', N'Bình Dương'),
('KH033', N'Lâm Văn Hiếu', '004123456787', '0912345710', N'Đồng Nai'),
('KH034', N'Vương Thị Kieu', '004123456786', '0912345711', N'Bà Rịa - Vũng Tàu'),
('KH035', N'Chu Văn Lâm', '004123456785', '0912345712', N'Long An'),
('KH036', N'Lưu Thị Mỹ', '004123456784', '0912345713', N'Tiền Giang'),
('KH037', N'Dương Văn Nghĩa', '004123456783', '0912345714', N'Bến Tre'),
('KH038', N'Đinh Thị Oanh', '004123456782', '0912345715', N'Trà Vinh'),
('KH039', N'Nguyễn Văn Phú', '004123456781', '0912345716', N'Vĩnh Long'),
('KH040', N'Trần Thị Quyên', '004123456780', '0912345717', N'Đồng Tháp'),
('KH041', N'Lê Văn Rạng', '005123456789', '0912345718', N'An Giang'),
('KH042', N'Phạm Thị Sương', '005123456788', '0912345719', N'Kiên Giang'),
('KH043', N'Hoàng Văn Tài', '005123456787', '0912345720', N'Cần Thơ'),
('KH044', N'Vũ Thị Uyên', '005123456786', '0912345721', N'Hậu Giang'),
('KH045', N'Đặng Văn Vinh', '005123456785', '0912345722', N'Sóc Trăng'),
('KH046', N'Bùi Thị Xuân', '005123456784', '0912345723', N'Bạc Liêu'),
('KH047', N'Mai Văn Yên', '005123456783', '0912345724', N'Cà Mau'),
('KH048', N'Lý Thị Zoa', '005123456782', '0912345725', N'Phú Quốc'),
('KH049', N'Ngô Văn Anh', '005123456781', '0912345726', N'Côn Đảo'),
('KH050', N'Đỗ Thị Bích', '005123456780', '0912345727', N'Vũng Tàu'),
('KH051', N'Trương Văn Cảnh', '006123456789', '0912345728', N'Bình Thuận'),
('KH052', N'Lâm Thị Duyên', '006123456788', '0912345729', N'Ninh Thuận'),
('KH053', N'Vương Văn Đức', '006123456787', '0912345730', N'Khánh Hòa'),
('KH054', N'Chu Thị Hạnh', '006123456786', '0912345731', N'Phú Yên'),
('KH055', N'Lưu Văn Khoa', '006123456785', '0912345732', N'Bình Định'),
('KH056', N'Dương Thị Linh', '006123456784', '0912345733', N'Quảng Ngãi'),
('KH057', N'Đinh Văn Mạnh', '006123456783', '0912345734', N'Quảng Nam'),
('KH058', N'Nguyễn Thị Ngọc', '006123456782', '0912345735', N'Đà Nẵng'),
('KH059', N'Trần Văn Phát', '006123456781', '0912345736', N'Thừa Thiên Huế'),
('KH060', N'Lê Thị Quỳnh', '006123456780', '0912345737', N'Quảng Trị'),
('KH061', N'Phạm Văn Sang', '007123456789', '0912345738', N'Quảng Bình'),
('KH062', N'Hoàng Thị Trang', '007123456788', '0912345739', N'Hà Tĩnh'),
('KH063', N'Vũ Văn Tuấn', '007123456787', '0912345740', N'Nghệ An'),
('KH064', N'Đặng Thị Uyên', '007123456786', '0912345741', N'Thanh Hóa'),
('KH065', N'Bùi Văn Việt', '007123456785', '0912345742', N'Hải Phòng'),
('KH066', N'Mai Thị Xuân', '007123456784', '0912345743', N'Thái Bình'),
('KH067', N'Lý Văn Yên', '007123456783', '0912345744', N'Nam Định'),
('KH068', N'Ngô Thị Zin', '007123456782', '0912345745', N'Hải Dương'),
('KH069', N'Đỗ Văn Ân', '007123456781', '0912345746', N'Hưng Yên'),
('KH070', N'Trương Thị Băng', '007123456780', '0912345747', N'Bắc Ninh'),
('KH071', N'Lâm Văn Chính', '008123456789', '0912345748', N'Bắc Giang'),
('KH072', N'Vương Thị Dung', '008123456788', '0912345749', N'Thái Nguyên'),
('KH073', N'Chu Văn Đạo', '008123456787', '0912345750', N'Quảng Ninh'),
('KH074', N'Lưu Thị Hương', '008123456786', '0912345751', N'Lào Cai'),
('KH075', N'Dương Văn Kỳ', '008123456785', '0912345752', N'Yên Bái'),
('KH076', N'Đinh Thị Lệ', '008123456784', '0912345753', N'Sơn La'),
('KH077', N'Nguyễn Văn Mẫn', '008123456783', '0912345754', N'Điện Biên'),
('KH078', N'Trần Thị Nhung', '008123456782', '0912345755', N'Lai Châu'),
('KH079', N'Lê Văn Phúc', '008123456781', '0912345756', N'Hòa Bình'),
('KH080', N'Phạm Thị Quế', '008123456780', '0912345757', N'Phú Thọ'),
('KH081', N'Hoàng Văn Sỹ', '009123456789', '0912345758', N'Vĩnh Phúc'),
('KH082', N'Vũ Thị Tâm', '009123456788', '0912345759', N'Tuyên Quang'),
('KH083', N'Đặng Văn Uy', '009123456787', '0912345760', N'Hà Giang'),
('KH084', N'Bùi Thị Vân', '009123456786', '0912345761', N'Cao Bằng'),
('KH085', N'Mai Văn Xá', '009123456785', '0912345762', N'Bắc Kạn'),
('KH086', N'Lý Thị Yến', '009123456784', '0912345763', N'Lạng Sơn'),
('KH087', N'Ngô Văn Zũ', '009123456783', '0912345764', N'Quảng Ninh'),
('KH088', N'Đỗ Thị An', '009123456782', '0912345765', N'Hải Phòng'),
('KH089', N'Trương Văn Bình', '009123456781', '0912345766', N'Thái Bình'),
('KH090', N'Lâm Thị Chi', '009123456780', '0912345767', N'Nam Định'),
('KH091', N'Vương Văn Dũng', '010123456789', '0912345768', N'Ninh Bình'),
('KH092', N'Chu Thị Em', '010123456788', '0912345769', N'Hà Nam'),
('KH093', N'Lưu Văn Phong', '010123456787', '0912345770', N'Hà Nội'),
('KH094', N'Dương Thị Quyên', '010123456786', '0912345771', N'Hồ Chí Minh'),
('KH095', N'Đinh Văn Rạng', '010123456785', '0912345772', N'Đà Nẵng'),
('KH096', N'Nguyễn Thị Sương', '010123456784', '0912345773', N'Cần Thơ'),
('KH097', N'Trần Văn Tài', '010123456783', '0912345774', N'Hải Phòng'),
('KH098', N'Lê Thị Uyên', '010123456782', '0912345775', N'Vũng Tàu'),
('KH099', N'Phạm Văn Vinh', '010123456781', '0912345776', N'Nha Trang'),
('KH100', N'Hoàng Thị Xuân', '010123456780', '0912345777', N'Đà Lạt');

INSERT INTO DatPhong (maDatPhong, soPhong, idKhachHang, ngayBatDau, ngayKetThuc, trangThaiThanhToan) VALUES
('DP001', 'P101', 'KH001', '2023-01-01', '2023-01-03', 1),
('DP002', 'P102', 'KH002', '2023-01-02', '2023-01-05', 1),
('DP003', 'P103', 'KH003', '2023-01-03', '2023-01-07', 0),
('DP004', 'P104', 'KH004', '2023-01-04', '2023-01-06', 1),
('DP005', 'P105', 'KH005', '2023-01-05', '2023-01-08', 0),
('DP006', 'P201', 'KH006', '2023-01-06', '2023-01-09', 1),
('DP007', 'P202', 'KH007', '2023-01-07', '2023-01-10', 1),
('DP008', 'P203', 'KH008', '2023-01-08', '2023-01-11', 0),
('DP009', 'P204', 'KH009', '2023-01-09', '2023-01-12', 1),
('DP010', 'P205', 'KH010', '2023-01-10', '2023-01-13', 0),
('DP011', 'P301', 'KH011', '2023-01-11', '2023-01-14', 1),
('DP012', 'P302', 'KH012', '2023-01-12', '2023-01-15', 1),
('DP013', 'P303', 'KH013', '2023-01-13', '2023-01-16', 0),
('DP014', 'P304', 'KH014', '2023-01-14', '2023-01-17', 1),
('DP015', 'P305', 'KH015', '2023-01-15', '2023-01-18', 0),
('DP016', 'P106', 'KH016', '2023-01-16', '2023-01-19', 1),
('DP017', 'P107', 'KH017', '2023-01-17', '2023-01-20', 1),
('DP018', 'P108', 'KH018', '2023-01-18', '2023-01-21', 0),
('DP019', 'P109', 'KH019', '2023-01-19', '2023-01-22', 1),
('DP020', 'P110', 'KH020', '2023-01-20', '2023-01-23', 0),
('DP021', 'P206', 'KH021', '2023-01-21', '2023-01-24', 1),
('DP022', 'P207', 'KH022', '2023-01-22', '2023-01-25', 1),
('DP024', 'P209', 'KH024', '2023-01-24', '2023-01-27', 1),
('DP025', 'P210', 'KH025', '2023-01-25', '2023-01-28', 0),
('DP026', 'P306', 'KH026', '2023-01-26', '2023-01-29', 1),
('DP027', 'P307', 'KH027', '2023-01-27', '2023-01-30', 1),
('DP028', 'P308', 'KH028', '2023-01-28', '2023-01-31', 0),
('DP029', 'P309', 'KH029', '2023-01-29', '2023-02-01', 1),
('DP030', 'P310', 'KH030', '2023-01-30', '2023-02-02', 0),
('DP031', 'P401', 'KH031', '2023-02-01', '2023-02-04', 1),
('DP032', 'P402', 'KH032', '2023-02-02', '2023-02-05', 1),
('DP033', 'P403', 'KH033', '2023-02-03', '2023-02-06', 0),
('DP034', 'P404', 'KH034', '2023-02-04', '2023-02-07', 1),
('DP035', 'P405', 'KH035', '2023-02-05', '2023-02-08', 0),
('DP036', 'P501', 'KH036', '2023-02-06', '2023-02-09', 1),
('DP037', 'P502', 'KH037', '2023-02-07', '2023-02-10', 1),
('DP038', 'P503', 'KH038', '2023-02-08', '2023-02-11', 0),
('DP039', 'P504', 'KH039', '2023-02-09', '2023-02-12', 1),
('DP040', 'P505', 'KH040', '2023-02-10', '2023-02-13', 0),
('DP041', 'P601', 'KH041', '2023-02-11', '2023-02-14', 1),
('DP042', 'P602', 'KH042', '2023-02-12', '2023-02-15', 1),
('DP043', 'P603', 'KH043', '2023-02-13', '2023-02-16', 0),
('DP044', 'P604', 'KH044', '2023-02-14', '2023-02-17', 1),
('DP045', 'P605', 'KH045', '2023-02-15', '2023-02-18', 0),
('DP046', 'P111', 'KH046', '2023-02-16', '2023-02-19', 1),
('DP047', 'P112', 'KH047', '2023-02-17', '2023-02-20', 1),
('DP048', 'P113', 'KH048', '2023-02-18', '2023-02-21', 0),
('DP049', 'P114', 'KH049', '2023-02-19', '2023-02-22', 1),
('DP050', 'P115', 'KH050', '2023-02-20', '2023-02-23', 0),
('DP051', 'P211', 'KH051', '2023-02-21', '2023-02-24', 1),
('DP052', 'P212', 'KH052', '2023-02-22', '2023-02-25', 1),
('DP053', 'P213', 'KH053', '2023-02-23', '2023-02-26', 0),
('DP054', 'P214', 'KH054', '2023-02-24', '2023-02-27', 1),
('DP055', 'P215', 'KH055', '2023-02-25', '2023-02-28', 0),
('DP056', 'P311', 'KH056', '2023-02-26', '2023-03-01', 1),
('DP057', 'P312', 'KH057', '2023-02-27', '2023-03-02', 1),
('DP058', 'P313', 'KH058', '2023-02-28', '2023-03-03', 0),
('DP059', 'P314', 'KH059', '2023-03-01', '2023-03-04', 1),
('DP060', 'P315', 'KH060', '2023-03-02', '2023-03-05', 0),
('DP061', 'P406', 'KH061', '2023-03-03', '2023-03-06', 1),
('DP062', 'P407', 'KH062', '2023-03-04', '2023-03-07', 1),
('DP063', 'P408', 'KH063', '2023-03-05', '2023-03-08', 0),
('DP064', 'P409', 'KH064', '2023-03-06', '2023-03-09', 1),
('DP065', 'P410', 'KH065', '2023-03-07', '2023-03-10', 0),
('DP066', 'P506', 'KH066', '2023-03-08', '2023-03-11', 1),
('DP067', 'P507', 'KH067', '2023-03-09', '2023-03-12', 1),
('DP068', 'P508', 'KH068', '2023-03-10', '2023-03-13', 0),
('DP069', 'P509', 'KH069', '2023-03-11', '2023-03-14', 1),
('DP070', 'P510', 'KH070', '2023-03-12', '2023-03-15', 0),
('DP071', 'P606', 'KH071', '2023-03-13', '2023-03-16', 1),
('DP072', 'P607', 'KH072', '2023-03-14', '2023-03-17', 1),
('DP073', 'P608', 'KH073', '2023-03-15', '2023-03-18', 0),
('DP074', 'P609', 'KH074', '2023-03-16', '2023-03-19', 1),
('DP075', 'P610', 'KH075', '2023-03-17', '2023-03-20', 0),
('DP076', 'P116', 'KH076', '2023-03-18', '2023-03-21', 1),
('DP077', 'P117', 'KH077', '2023-03-19', '2023-03-22', 1),
('DP078', 'P118', 'KH078', '2023-03-20', '2023-03-23', 0),
('DP079', 'P119', 'KH079', '2023-03-21', '2023-03-24', 1),
('DP080', 'P120', 'KH080', '2023-03-22', '2023-03-25', 0),
('DP081', 'P216', 'KH081', '2023-03-23', '2023-03-26', 1),
('DP082', 'P217', 'KH082', '2023-03-24', '2023-03-27', 1),
('DP083', 'P218', 'KH083', '2023-03-25', '2023-03-28', 0),
('DP084', 'P219', 'KH084', '2023-03-26', '2023-03-29', 1),
('DP085', 'P220', 'KH085', '2023-03-27', '2023-03-30', 0),
('DP086', 'P316', 'KH086', '2023-03-28', '2023-03-31', 1),
('DP087', 'P317', 'KH087', '2023-03-29', '2023-04-01', 1),
('DP088', 'P318', 'KH088', '2023-03-30', '2023-04-02', 0),
('DP089', 'P319', 'KH089', '2023-03-31', '2023-04-03', 1),
('DP090', 'P320', 'KH090', '2023-04-01', '2023-04-04', 0),
('DP091', 'P411', 'KH091', '2023-04-02', '2023-04-05', 1),
('DP092', 'P412', 'KH092', '2023-04-03', '2023-04-06', 1),
('DP093', 'P413', 'KH093', '2023-04-04', '2023-04-07', 0),
('DP094', 'P414', 'KH094', '2023-04-05', '2023-04-08', 1),
('DP095', 'P415', 'KH095', '2023-04-06', '2023-04-09', 0),
('DP096', 'P511', 'KH096', '2023-04-07', '2023-04-10', 1),
('DP097', 'P512', 'KH097', '2023-04-08', '2023-04-11', 1),
('DP098', 'P513', 'KH098', '2023-04-09', '2023-04-12', 0),
('DP099', 'P514', 'KH099', '2023-04-10', '2023-04-13', 1),
('DP100', 'P515', 'KH100', '2023-04-11', '2023-04-14', 0);